<?xml version="1.0" encoding="utf-8"?><!-- Copyright (c) Microsoft Corporation.  All rights reserved. --><GroupPolicyBackupScheme bkp:version="2.0" bkp:type="GroupPolicyBackupTemplate" xmlns:bkp="http://www.microsoft.com/GroupPolicy/GPOOperations" xmlns="http://www.microsoft.com/GroupPolicy/GPOOperations">
    <GroupPolicyObject><SecurityGroups><Group bkp:Source="FromDACL"><Sid><![CDATA[S-1-5-21-2340625745-2600567080-494366318-519]]></Sid><SamAccountName><![CDATA[Enterprise Admins]]></SamAccountName><Type><![CDATA[UniversalGroup]]></Type><NetBIOSDomainName><![CDATA[CCDC]]></NetBIOSDomainName><DnsDomainName><![CDATA[ccdc.local]]></DnsDomainName><UPN><![CDATA[Enterprise Admins@ccdc.local]]></UPN></Group><Group bkp:Source="FromDACL"><Sid><![CDATA[S-1-5-21-2340625745-2600567080-494366318-512]]></Sid><SamAccountName><![CDATA[Domain Admins]]></SamAccountName><Type><![CDATA[GlobalGroup]]></Type><NetBIOSDomainName><![CDATA[CCDC]]></NetBIOSDomainName><DnsDomainName><![CDATA[ccdc.local]]></DnsDomainName><UPN><![CDATA[Domain Admins@ccdc.local]]></UPN></Group></SecurityGroups><FilePaths/><GroupPolicyCoreSettings><ID><![CDATA[{31B2F340-016D-11D2-945F-00C04FB984F9}]]></ID><Domain><![CDATA[ccdc.local]]></Domain><SecurityDescriptor>01 00 04 9c 00 00 00 00 00 00 00 00 00 00 00 00 14 00 00 00 04 00 34 01 0a 00 00 00 00 00 24 00 bd 00 0e 00 01 05 00 00 00 00 00 05 15 00 00 00 51 1d 83 8b 28 81 01 9b 6e 6e 77 1d 00 02 00 00 00 0a 24 00 ff 00 0f 00 01 05 00 00 00 00 00 05 15 00 00 00 51 1d 83 8b 28 81 01 9b 6e 6e 77 1d 00 02 00 00 00 00 24 00 bd 00 0e 00 01 05 00 00 00 00 00 05 15 00 00 00 51 1d 83 8b 28 81 01 9b 6e 6e 77 1d 07 02 00 00 00 0a 24 00 ff 00 0f 00 01 05 00 00 00 00 00 05 15 00 00 00 51 1d 83 8b 28 81 01 9b 6e 6e 77 1d 07 02 00 00 00 00 24 00 bd 00 0e 00 01 05 00 00 00 00 00 05 15 00 00 00 51 1d 83 8b 28 81 01 9b 6e 6e 77 1d 00 02 00 00 00 0a 14 00 ff 00 0f 00 01 01 00 00 00 00 00 03 00 00 00 00 00 02 14 00 ff 00 0f 00 01 01 00 00 00 00 00 05 12 00 00 00 00 02 14 00 94 00 02 00 01 01 00 00 00 00 00 05 0b 00 00 00 05 02 28 00 00 01 00 00 01 00 00 00 8f fd ac ed b3 ff d1 11 b4 1d 00 a0 c9 68 f9 39 01 01 00 00 00 00 00 05 0b 00 00 00 00 02 14 00 94 00 02 00 01 01 00 00 00 00 00 05 09 00 00 00</SecurityDescriptor><DisplayName><![CDATA[CCDC Baseline]]></DisplayName><Options><![CDATA[0]]></Options><UserVersionNumber><![CDATA[0]]></UserVersionNumber><MachineVersionNumber><![CDATA[10158235]]></MachineVersionNumber><MachineExtensionGuids><![CDATA[[{35378EAC-683F-11D2-A89A-00C04FBBCFA2}{53D6AB1B-2488-11D1-A28C-00C04FB94F17}{D02B1F72-3407-48AE-BA88-E8213C6761F1}][{827D319E-6EAC-11D2-A4EA-00C04F79F83A}{803E14A0-B4FB-11D0-A0D0-00A0C90F574B}][{B1BE8D72-6EAC-11D2-A4EA-00C04F79F83A}{53D6AB1B-2488-11D1-A28C-00C04FB94F17}]]]></MachineExtensionGuids><UserExtensionGuids/><WMIFilter/></GroupPolicyCoreSettings> 
        <GroupPolicyExtension bkp:ID="{35378EAC-683F-11D2-A89A-00C04FBBCFA2}" bkp:DescName="Registry">
            <FSObjectFile bkp:Path="%GPO_MACH_FSPATH%\registry.pol" bkp:SourceExpandedPath="\\WIN-SLIMH77NMU1.ccdc.local\sysvol\ccdc.local\Policies\{31B2F340-016D-11D2-945F-00C04FB984F9}\Machine\registry.pol" bkp:Location="DomainSysvol\GPO\Machine\registry.pol"/>
            
            <FSObjectFile bkp:Path="%GPO_FSPATH%\Adm\*.*" bkp:SourceExpandedPath="\\WIN-SLIMH77NMU1.ccdc.local\sysvol\ccdc.local\Policies\{31B2F340-016D-11D2-945F-00C04FB984F9}\Adm\*.*"/>
        </GroupPolicyExtension>
        
        
        
        
        <GroupPolicyExtension bkp:ID="{827D319E-6EAC-11D2-A4EA-00C04F79F83A}" bkp:DescName="Security">
            <FSObjectFile bkp:Path="%GPO_MACH_FSPATH%\microsoft\windows nt\SecEdit\GptTmpl.inf" bkp:SourceExpandedPath="\\WIN-SLIMH77NMU1.ccdc.local\sysvol\ccdc.local\Policies\{31B2F340-016D-11D2-945F-00C04FB984F9}\Machine\microsoft\windows nt\SecEdit\GptTmpl.inf" bkp:ReEvaluateFunction="SecurityValidateSettings" bkp:Location="DomainSysvol\GPO\Machine\microsoft\windows nt\SecEdit\GptTmpl.inf"/>
        </GroupPolicyExtension>
        
        
        
        
    <GroupPolicyExtension bkp:ID="{F15C46CD-82A0-4C2D-A210-5D0D3182A418}" bkp:DescName="Unknown Extension"><FSObjectDir bkp:Path="%GPO_MACH_FSPATH%\Applications" bkp:SourceExpandedPath="\\WIN-SLIMH77NMU1.ccdc.local\sysvol\ccdc.local\Policies\{31B2F340-016D-11D2-945F-00C04FB984F9}\MACHINE\Applications" bkp:Location="DomainSysvol\GPO\Machine\Applications"/><FSObjectFile bkp:Path="%GPO_MACH_FSPATH%\comment.cmtx" bkp:SourceExpandedPath="\\WIN-SLIMH77NMU1.ccdc.local\sysvol\ccdc.local\Policies\{31B2F340-016D-11D2-945F-00C04FB984F9}\MACHINE\comment.cmtx" bkp:Location="DomainSysvol\GPO\Machine\comment.cmtx"/><FSObjectDir bkp:Path="%GPO_MACH_FSPATH%\Microsoft" bkp:SourceExpandedPath="\\WIN-SLIMH77NMU1.ccdc.local\sysvol\ccdc.local\Policies\{31B2F340-016D-11D2-945F-00C04FB984F9}\MACHINE\Microsoft" bkp:Location="DomainSysvol\GPO\Machine\Microsoft"/><FSObjectDir bkp:Path="%GPO_MACH_FSPATH%\Microsoft\Windows NT" bkp:SourceExpandedPath="\\WIN-SLIMH77NMU1.ccdc.local\sysvol\ccdc.local\Policies\{31B2F340-016D-11D2-945F-00C04FB984F9}\MACHINE\Microsoft\Windows NT" bkp:Location="DomainSysvol\GPO\Machine\Microsoft\Windows NT"/><FSObjectDir bkp:Path="%GPO_MACH_FSPATH%\Microsoft\Windows NT\SecEdit" bkp:SourceExpandedPath="\\WIN-SLIMH77NMU1.ccdc.local\sysvol\ccdc.local\Policies\{31B2F340-016D-11D2-945F-00C04FB984F9}\MACHINE\Microsoft\Windows NT\SecEdit" bkp:Location="DomainSysvol\GPO\Machine\Microsoft\Windows NT\SecEdit"/><FSObjectDir bkp:Path="%GPO_MACH_FSPATH%\Scripts" bkp:SourceExpandedPath="\\WIN-SLIMH77NMU1.ccdc.local\sysvol\ccdc.local\Policies\{31B2F340-016D-11D2-945F-00C04FB984F9}\MACHINE\Scripts" bkp:Location="DomainSysvol\GPO\Machine\Scripts"/><FSObjectDir bkp:Path="%GPO_MACH_FSPATH%\Scripts\Shutdown" bkp:SourceExpandedPath="\\WIN-SLIMH77NMU1.ccdc.local\sysvol\ccdc.local\Policies\{31B2F340-016D-11D2-945F-00C04FB984F9}\MACHINE\Scripts\Shutdown" bkp:Location="DomainSysvol\GPO\Machine\Scripts\Shutdown"/><FSObjectDir bkp:Path="%GPO_MACH_FSPATH%\Scripts\Startup" bkp:SourceExpandedPath="\\WIN-SLIMH77NMU1.ccdc.local\sysvol\ccdc.local\Policies\{31B2F340-016D-11D2-945F-00C04FB984F9}\MACHINE\Scripts\Startup" bkp:Location="DomainSysvol\GPO\Machine\Scripts\Startup"/><FSObjectDir bkp:Path="%GPO_USER_FSPATH%\Applications" bkp:SourceExpandedPath="\\WIN-SLIMH77NMU1.ccdc.local\sysvol\ccdc.local\Policies\{31B2F340-016D-11D2-945F-00C04FB984F9}\USER\Applications" bkp:Location="DomainSysvol\GPO\User\Applications"/><FSObjectDir bkp:Path="%GPO_USER_FSPATH%\Documents &amp; Settings" bkp:SourceExpandedPath="\\WIN-SLIMH77NMU1.ccdc.local\sysvol\ccdc.local\Policies\{31B2F340-016D-11D2-945F-00C04FB984F9}\USER\Documents &amp; Settings" bkp:Location="DomainSysvol\GPO\User\Documents &amp; Settings"/><FSObjectDir bkp:Path="%GPO_USER_FSPATH%\Scripts" bkp:SourceExpandedPath="\\WIN-SLIMH77NMU1.ccdc.local\sysvol\ccdc.local\Policies\{31B2F340-016D-11D2-945F-00C04FB984F9}\USER\Scripts" bkp:Location="DomainSysvol\GPO\User\Scripts"/><FSObjectDir bkp:Path="%GPO_USER_FSPATH%\Scripts\Logoff" bkp:SourceExpandedPath="\\WIN-SLIMH77NMU1.ccdc.local\sysvol\ccdc.local\Policies\{31B2F340-016D-11D2-945F-00C04FB984F9}\USER\Scripts\Logoff" bkp:Location="DomainSysvol\GPO\User\Scripts\Logoff"/><FSObjectDir bkp:Path="%GPO_USER_FSPATH%\Scripts\Logon" bkp:SourceExpandedPath="\\WIN-SLIMH77NMU1.ccdc.local\sysvol\ccdc.local\Policies\{31B2F340-016D-11D2-945F-00C04FB984F9}\USER\Scripts\Logon" bkp:Location="DomainSysvol\GPO\User\Scripts\Logon"/></GroupPolicyExtension></GroupPolicyObject>
</GroupPolicyBackupScheme>