<BackupInst xmlns="http://www.microsoft.com/GroupPolicy/GPOOperations/Manifest"><GPOGuid><![CDATA[{31B2F340-016D-11D2-945F-00C04FB984F9}]]></GPOGuid><GPODomain><![CDATA[ccdc.local]]></GPODomain><GPODomainGuid><![CDATA[{b40e020c-1608-4507-ba91-470ef0bd7cde}]]></GPODomainGuid><GPODomainController><![CDATA[WIN-SLIMH77NMU1.ccdc.local]]></GPODomainController><BackupTime><![CDATA[2024-11-15T22:45:00]]></BackupTime><ID><![CDATA[{CE849628-65A2-4C7D-88C8-B3A1C0EEBC24}]]></ID><Comment><![CDATA[]]></Comment><GPODisplayName><![CDATA[CCDC Baseline]]></GPODisplayName></BackupInst>
